[
    {
        "id": "phm-pool-pump-tab",
        "type": "tab",
        "label": "PHM - Pool Pump",
        "disabled": false,
        "info": "# Pool Pump Predictive Health Monitoring\n\nThis flow demonstrates the Gray Logic Stack PHM pattern:\n\n1. **Sensor Input**: Reads pump current (simulated or real via MQTT/Modbus)\n2. **Rolling Average**: Maintains 7-day baseline of \"normal\" current\n3. **Deviation Detection**: Flags when current deviates >20% for >2 hours\n4. **Alert Output**: Updates openHAB items and can trigger notifications\n\n## PHM Philosophy\n- Early warning, not magic\n- Runs locally (offline-capable)\n- Uses simple statistics that are explainable"
    },
    {
        "id": "phm-comment-header",
        "type": "comment",
        "z": "phm-pool-pump-tab",
        "name": "Gray Logic Stack - Pool Pump PHM Demo",
        "info": "This flow demonstrates Predictive Health Monitoring for a pool pump.\n\nKey metrics tracked:\n- Motor current draw\n- Deviation from 7-day rolling average\n- Duration of deviation\n\nOutputs:\n- PHM status (Normal/Warning/Fault)\n- Current readings to InfluxDB\n- Warnings to openHAB",
        "x": 200,
        "y": 40,
        "wires": []
    },
    {
        "id": "phm-inject-simulator",
        "type": "inject",
        "z": "phm-pool-pump-tab",
        "name": "Simulate Every 60s",
        "props": [
            {
                "p": "payload"
            },
            {
                "p": "topic",
                "vt": "str"
            }
        ],
        "repeat": "60",
        "crontab": "",
        "once": true,
        "onceDelay": "5",
        "topic": "poolpump/current",
        "payload": "",
        "payloadType": "date",
        "x": 150,
        "y": 140,
        "wires": [
            [
                "phm-simulate-current"
            ]
        ]
    },
    {
        "id": "phm-simulate-current",
        "type": "function",
        "z": "phm-pool-pump-tab",
        "name": "Simulate Pump Current",
        "func": "// Simulate pump current with realistic variation\n// Normal operating current: ~5.2A with small random variation\n// Occasionally simulate degradation for testing\n\nconst baselineCurrent = 5.2;  // Amps\nconst normalVariation = 0.3;  // +/- 0.3A normal noise\n\n// Get or initialize degradation simulation\nlet degradation = flow.get('simulatedDegradation') || 0;\nlet degradationStart = flow.get('degradationStart') || null;\n\n// Every ~30 minutes, maybe start/stop simulated degradation\nconst now = Date.now();\nif (!degradationStart || (now - degradationStart) > 30 * 60 * 1000) {\n    // 10% chance to toggle degradation state\n    if (Math.random() < 0.1) {\n        if (degradation === 0) {\n            // Start degradation (25-40% increase)\n            degradation = 0.25 + (Math.random() * 0.15);\n            node.warn(`PHM Demo: Starting simulated pump degradation (${(degradation * 100).toFixed(0)}% increase)`);\n        } else {\n            // End degradation\n            degradation = 0;\n            node.warn('PHM Demo: Ending simulated pump degradation');\n        }\n        flow.set('simulatedDegradation', degradation);\n        flow.set('degradationStart', now);\n    }\n}\n\n// Calculate current with noise and any degradation\nconst noise = (Math.random() - 0.5) * normalVariation * 2;\nconst current = baselineCurrent * (1 + degradation) + noise;\n\nmsg.payload = {\n    current: Math.round(current * 100) / 100,\n    timestamp: new Date().toISOString(),\n    simulated: true,\n    degradation: degradation > 0\n};\n\nmsg.topic = 'poolpump/current';\n\nreturn msg;",
        "outputs": 1,
        "timeout": "",
        "noerr": 0,
        "initialize": "",
        "finalize": "",
        "libs": [],
        "x": 380,
        "y": 140,
        "wires": [
            [
                "phm-rolling-average",
                "phm-mqtt-publish-current",
                "phm-debug-current"
            ]
        ]
    },
    {
        "id": "phm-mqtt-input",
        "type": "mqtt in",
        "z": "phm-pool-pump-tab",
        "name": "MQTT: poolpump/current/real",
        "topic": "poolpump/current/real",
        "qos": "1",
        "datatype": "json",
        "broker": "mqtt-broker",
        "nl": false,
        "rap": true,
        "rh": 0,
        "inputs": 0,
        "x": 170,
        "y": 200,
        "wires": [
            [
                "phm-rolling-average",
                "phm-mqtt-publish-current"
            ]
        ]
    },
    {
        "id": "phm-rolling-average",
        "type": "function",
        "z": "phm-pool-pump-tab",
        "name": "Calculate 7-Day Rolling Average",
        "func": "// PHM Core: Calculate rolling 7-day average and detect deviations\n// This is the heart of the predictive health monitoring\n\nconst WINDOW_SIZE = 7 * 24 * 60;  // 7 days in minutes\nconst DEVIATION_THRESHOLD = 0.20;  // 20% deviation\nconst WARNING_DURATION_MS = 2 * 60 * 60 * 1000;  // 2 hours in ms\n\n// Get current reading\nconst currentReading = typeof msg.payload === 'object' \n    ? msg.payload.current \n    : parseFloat(msg.payload);\n\nif (isNaN(currentReading)) {\n    node.error('Invalid current reading');\n    return null;\n}\n\n// Get or initialize historical data\nlet history = flow.get('pumpCurrentHistory') || [];\nlet deviationStartTime = flow.get('deviationStartTime') || null;\n\n// Add new reading with timestamp\nconst now = Date.now();\nhistory.push({\n    value: currentReading,\n    timestamp: now\n});\n\n// Trim history to window size (keep ~7 days of minute samples)\nconst cutoffTime = now - (WINDOW_SIZE * 60 * 1000);\nhistory = history.filter(h => h.timestamp > cutoffTime);\nflow.set('pumpCurrentHistory', history);\n\n// Calculate rolling average\nlet rollingAvg = 0;\nif (history.length > 0) {\n    const sum = history.reduce((acc, h) => acc + h.value, 0);\n    rollingAvg = sum / history.length;\n}\n\n// Calculate deviation percentage\nconst deviation = rollingAvg > 0 \n    ? ((currentReading - rollingAvg) / rollingAvg) \n    : 0;\nconst deviationPercent = Math.round(deviation * 100 * 10) / 10;\n\n// Determine PHM status\nlet phmStatus = 0;  // 0=Normal, 1=Warning, 2=Fault\nlet phmMessage = 'Normal operation';\n\nconst absDeviation = Math.abs(deviation);\n\nif (absDeviation >= DEVIATION_THRESHOLD) {\n    // Deviation detected - check duration\n    if (deviationStartTime === null) {\n        // Start tracking deviation\n        deviationStartTime = now;\n        flow.set('deviationStartTime', deviationStartTime);\n    }\n    \n    const deviationDuration = now - deviationStartTime;\n    \n    if (deviationDuration >= WARNING_DURATION_MS) {\n        // Sustained deviation - raise warning\n        phmStatus = 1;  // Warning\n        const hours = Math.round(deviationDuration / (60 * 60 * 1000) * 10) / 10;\n        phmMessage = `Pump current ${deviationPercent > 0 ? '+' : ''}${deviationPercent}% from baseline for ${hours}h`;\n        \n        // If deviation is extreme (>40%), escalate to fault\n        if (absDeviation >= 0.40) {\n            phmStatus = 2;  // Fault\n            phmMessage = `FAULT: Pump current ${deviationPercent > 0 ? '+' : ''}${deviationPercent}% - check immediately`;\n        }\n    } else {\n        // Deviation but not sustained yet\n        phmMessage = `Monitoring: ${deviationPercent}% deviation (tracking for ${Math.round(deviationDuration / 60000)}min)`;\n    }\n} else {\n    // Back to normal - clear deviation tracking\n    if (deviationStartTime !== null) {\n        flow.set('deviationStartTime', null);\n        phmMessage = 'Returned to normal operation';\n    }\n}\n\n// Build output messages\nconst output = {\n    current: currentReading,\n    rollingAverage: Math.round(rollingAvg * 100) / 100,\n    deviationPercent: deviationPercent,\n    phmStatus: phmStatus,\n    phmMessage: phmMessage,\n    historySize: history.length,\n    timestamp: new Date().toISOString()\n};\n\n// Output 1: Full PHM data\nconst msg1 = { payload: output, topic: 'phm/poolpump/analysis' };\n\n// Output 2: Status for openHAB\nconst msg2 = { \n    payload: phmStatus.toString(), \n    topic: 'openhab/items/PoolPump_PHM_Status/command' \n};\n\n// Output 3: Message for openHAB\nconst msg3 = { \n    payload: phmMessage, \n    topic: 'openhab/items/PoolPump_PHM_Message/command' \n};\n\n// Output 4: Rolling average for openHAB\nconst msg4 = { \n    payload: output.rollingAverage.toString(), \n    topic: 'openhab/items/PoolPump_Current_7DayAvg/command' \n};\n\n// Output 5: Deviation for openHAB\nconst msg5 = { \n    payload: deviationPercent.toString(), \n    topic: 'openhab/items/PoolPump_Current_Deviation/command' \n};\n\nreturn [msg1, msg2, msg3, msg4, msg5];",
        "outputs": 5,
        "timeout": "",
        "noerr": 0,
        "initialize": "// Initialize on deploy\nflow.set('pumpCurrentHistory', []);\nflow.set('deviationStartTime', null);\nflow.set('simulatedDegradation', 0);",
        "finalize": "",
        "libs": [],
        "x": 650,
        "y": 160,
        "wires": [
            [
                "phm-debug-analysis",
                "phm-influx-write"
            ],
            [
                "phm-mqtt-publish-status"
            ],
            [
                "phm-mqtt-publish-message"
            ],
            [
                "phm-mqtt-publish-avg"
            ],
            [
                "phm-mqtt-publish-deviation"
            ]
        ]
    },
    {
        "id": "phm-mqtt-publish-current",
        "type": "mqtt out",
        "z": "phm-pool-pump-tab",
        "name": "MQTT: Pump Current",
        "topic": "openhab/items/PoolPump_Current/command",
        "qos": "1",
        "retain": "false",
        "respTopic": "",
        "contentType": "",
        "userProps": "",
        "correl": "",
        "expiry": "",
        "broker": "mqtt-broker",
        "x": 640,
        "y": 100,
        "wires": []
    },
    {
        "id": "phm-mqtt-publish-status",
        "type": "mqtt out",
        "z": "phm-pool-pump-tab",
        "name": "MQTT: PHM Status",
        "topic": "",
        "qos": "1",
        "retain": "true",
        "respTopic": "",
        "contentType": "",
        "userProps": "",
        "correl": "",
        "expiry": "",
        "broker": "mqtt-broker",
        "x": 930,
        "y": 120,
        "wires": []
    },
    {
        "id": "phm-mqtt-publish-message",
        "type": "mqtt out",
        "z": "phm-pool-pump-tab",
        "name": "MQTT: PHM Message",
        "topic": "",
        "qos": "1",
        "retain": "true",
        "respTopic": "",
        "contentType": "",
        "userProps": "",
        "correl": "",
        "expiry": "",
        "broker": "mqtt-broker",
        "x": 940,
        "y": 160,
        "wires": []
    },
    {
        "id": "phm-mqtt-publish-avg",
        "type": "mqtt out",
        "z": "phm-pool-pump-tab",
        "name": "MQTT: Rolling Avg",
        "topic": "",
        "qos": "1",
        "retain": "true",
        "respTopic": "",
        "contentType": "",
        "userProps": "",
        "correl": "",
        "expiry": "",
        "broker": "mqtt-broker",
        "x": 930,
        "y": 200,
        "wires": []
    },
    {
        "id": "phm-mqtt-publish-deviation",
        "type": "mqtt out",
        "z": "phm-pool-pump-tab",
        "name": "MQTT: Deviation",
        "topic": "",
        "qos": "1",
        "retain": "true",
        "respTopic": "",
        "contentType": "",
        "userProps": "",
        "correl": "",
        "expiry": "",
        "broker": "mqtt-broker",
        "x": 920,
        "y": 240,
        "wires": []
    },
    {
        "id": "phm-influx-write",
        "type": "function",
        "z": "phm-pool-pump-tab",
        "name": "Format for InfluxDB",
        "func": "// Format data for InfluxDB line protocol\n// This can be sent to InfluxDB via HTTP API or dedicated node\n\nconst data = msg.payload;\n\n// Line protocol format:\n// measurement,tag=value field=value timestamp\n\nconst lines = [\n    `pool_pump_current value=${data.current}`,\n    `pool_pump_avg value=${data.rollingAverage}`,\n    `pool_pump_deviation value=${data.deviationPercent}`,\n    `pool_pump_phm_status value=${data.phmStatus}`\n];\n\nmsg.payload = lines.join('\\n');\nmsg.topic = 'influxdb/write';\n\nreturn msg;",
        "outputs": 1,
        "timeout": "",
        "noerr": 0,
        "initialize": "",
        "finalize": "",
        "libs": [],
        "x": 950,
        "y": 300,
        "wires": [
            [
                "phm-debug-influx"
            ]
        ]
    },
    {
        "id": "phm-debug-current",
        "type": "debug",
        "z": "phm-pool-pump-tab",
        "name": "Debug: Current Reading",
        "active": false,
        "tosidebar": true,
        "console": false,
        "tostatus": true,
        "complete": "payload.current",
        "targetType": "msg",
        "statusVal": "payload.current",
        "statusType": "auto",
        "x": 640,
        "y": 60,
        "wires": []
    },
    {
        "id": "phm-debug-analysis",
        "type": "debug",
        "z": "phm-pool-pump-tab",
        "name": "Debug: PHM Analysis",
        "active": true,
        "tosidebar": true,
        "console": false,
        "tostatus": true,
        "complete": "payload",
        "targetType": "msg",
        "statusVal": "payload.phmMessage",
        "statusType": "auto",
        "x": 940,
        "y": 60,
        "wires": []
    },
    {
        "id": "phm-debug-influx",
        "type": "debug",
        "z": "phm-pool-pump-tab",
        "name": "Debug: InfluxDB Data",
        "active": false,
        "tosidebar": true,
        "console": false,
        "tostatus": false,
        "complete": "payload",
        "targetType": "msg",
        "statusVal": "",
        "statusType": "auto",
        "x": 1170,
        "y": 300,
        "wires": []
    },
    {
        "id": "phm-warning-handler",
        "type": "function",
        "z": "phm-pool-pump-tab",
        "name": "Warning Handler",
        "func": "// Handle PHM warnings - could trigger notifications\n// This is where you'd add Telegram, email, etc.\n\nconst status = parseInt(msg.payload);\n\nif (status >= 1) {\n    // Warning or Fault detected\n    msg.notification = {\n        title: status === 2 ? 'PHM FAULT' : 'PHM Warning',
        message: `Pool pump requires attention`,\n        priority: status === 2 ? 'high' : 'normal'\n    };\n    \n    // Log warning timestamp\n    const timestampMsg = {\n        payload: new Date().toISOString(),\n        topic: 'openhab/items/PoolPump_PHM_LastWarning/command'\n    };\n    \n    return [msg, timestampMsg];\n}\n\nreturn [null, null];",
        "outputs": 2,
        "timeout": "",
        "noerr": 0,
        "initialize": "",
        "finalize": "",
        "libs": [],
        "x": 680,
        "y": 320,
        "wires": [
            [
                "phm-notification-placeholder"
            ],
            [
                "phm-mqtt-publish-warning-time"
            ]
        ]
    },
    {
        "id": "phm-notification-placeholder",
        "type": "debug",
        "z": "phm-pool-pump-tab",
        "name": "Notification (placeholder)",
        "active": true,
        "tosidebar": true,
        "console": false,
        "tostatus": true,
        "complete": "notification",
        "targetType": "msg",
        "statusVal": "notification.title",
        "statusType": "auto",
        "x": 920,
        "y": 360,
        "wires": []
    },
    {
        "id": "phm-mqtt-publish-warning-time",
        "type": "mqtt out",
        "z": "phm-pool-pump-tab",
        "name": "MQTT: Last Warning Time",
        "topic": "",
        "qos": "1",
        "retain": "true",
        "respTopic": "",
        "contentType": "",
        "userProps": "",
        "correl": "",
        "expiry": "",
        "broker": "mqtt-broker",
        "x": 950,
        "y": 400,
        "wires": []
    },
    {
        "id": "phm-comment-usage",
        "type": "comment",
        "z": "phm-pool-pump-tab",
        "name": "Usage Notes",
        "info": "## How to Use This Flow\n\n### Simulation Mode\nBy default, this flow simulates pump current readings.\nThe simulator occasionally introduces degradation to demonstrate PHM alerts.\n\n### Real Data\nTo use real pump current data:\n1. Disable the inject node\n2. Configure your sensor to publish to `poolpump/current/real` via MQTT\n3. Expected payload: `{\"current\": 5.2}` or just the number `5.2`\n\n### MQTT Broker\nConfigure the MQTT broker node to connect to your Mosquitto instance:\n- Host: mosquitto (Docker service name)\n- Port: 1883\n\n### openHAB Integration\nThis flow publishes to openHAB items via MQTT:\n- PoolPump_Current\n- PoolPump_Current_7DayAvg\n- PoolPump_Current_Deviation\n- PoolPump_PHM_Status\n- PoolPump_PHM_Message\n- PoolPump_PHM_LastWarning\n\nEnsure the MQTT binding is configured in openHAB.",
        "x": 130,
        "y": 380,
        "wires": []
    },
    {
        "id": "mqtt-broker",
        "type": "mqtt-broker",
        "name": "Mosquitto",
        "broker": "mosquitto",
        "port": "1883",
        "clientid": "nodered-phm",
        "autoConnect": true,
        "usetls": false,
        "protocolVersion": "4",
        "keepalive": "60",
        "cleansession": true,
        "autoUnsubscribe": true,
        "birthTopic": "nodered/status",
        "birthQos": "1",
        "birthRetain": "true",
        "birthPayload": "online",
        "birthMsg": {},
        "closeTopic": "nodered/status",
        "closeQos": "1",
        "closeRetain": "true",
        "closePayload": "offline",
        "closeMsg": {},
        "willTopic": "nodered/status",
        "willQos": "1",
        "willRetain": "true",
        "willPayload": "offline",
        "willMsg": {},
        "userProps": "",
        "sessionExpiry": ""
    }
]
